id,tag,timestamp,value
100,train_loss,1685975320362,3.5995209217071533
200,train_loss,1685975433194,2.158661127090454
300,train_loss,1685975546327,2.505716562271118
400,train_loss,1685975658031,2.0986599922180176
500,train_loss,1685975764630,2.317708969116211
600,train_loss,1685975875500,1.5244166851043701
700,train_loss,1685975985067,1.5444914102554321
800,train_loss,1685976095540,1.8768750429153442
900,train_loss,1685976206099,1.6338107585906982
1000,train_loss,1685976317964,1.6472378969192505
1100,train_loss,1685976431284,1.1181625127792358
1200,train_loss,1685976544842,0.5648637413978577
1300,train_loss,1685976658886,1.5235339403152466
1400,train_loss,1685976765491,1.928896188735962
1500,train_loss,1685976875222,1.4044257402420044
1600,train_loss,1685976982789,1.7970770597457886
1700,train_loss,1685977092509,1.8673239946365356
1800,train_loss,1685977206698,1.2849960327148438
1900,train_loss,1685977319401,1.014054775238037
2000,train_loss,1685977425604,0.9251892566680908
2100,train_loss,1685977536286,0.9040084481239319
2200,train_loss,1685977642638,1.158918857574463
2300,train_loss,1685977752588,1.3805114030838013
2400,train_loss,1685977862945,1.2915050983428955
2500,train_loss,1685977976657,1.0334253311157227
2600,train_loss,1685978091950,1.2358720302581787
2700,train_loss,1685978203394,1.0762439966201782
2800,train_loss,1685978314476,1.3211530447006226
2900,train_loss,1685978426404,1.0640943050384521
3000,train_loss,1685978537039,1.8661774396896362
3100,train_loss,1685978646265,1.7542222738265991
3200,train_loss,1685978754703,1.277121663093567
3300,train_loss,1685978865767,1.016581416130066
3400,train_loss,1685978979412,0.9559875726699829
3500,train_loss,1685979091915,0.8599297404289246
3600,train_loss,1685979200803,0.5211430191993713
3700,train_loss,1685979309734,1.6958272457122803
3800,train_loss,1685979418775,1.5168286561965942
3900,train_loss,1685979530834,0.8595460653305054
4000,train_loss,1685979643017,0.7307276725769043
4100,train_loss,1685979751798,1.4001927375793457
4200,train_loss,1685979862815,1.161427617073059
4300,train_loss,1685979976658,1.5102897882461548
4400,train_loss,1685980089569,0.991033136844635
4500,train_loss,1685980198527,0.6881205439567566
4600,train_loss,1685980307140,1.1881741285324097
4700,train_loss,1685980416471,1.4829853773117065
4800,train_loss,1685980525815,0.6310636401176453
4900,train_loss,1685980637869,1.3787052631378174
5000,train_loss,1685980747227,1.1374080181121826
5100,train_loss,1685980859742,0.9842719435691833
5200,train_loss,1685980968771,1.0237187147140503
5300,train_loss,1685981074928,0.841072678565979
5400,train_loss,1685981186502,0.5020498633384705
5500,train_loss,1685981297219,1.0582455396652222
5600,train_loss,1685981407803,0.8827016353607178
5700,train_loss,1685981521350,0.49045804142951965
5800,train_loss,1685981638645,0.8680467009544373
5900,train_loss,1685981746313,1.0601677894592285
6000,train_loss,1685981857528,0.8226603269577026
6100,train_loss,1685981967828,1.2228434085845947
6200,train_loss,1685982078944,0.6517829895019531
6300,train_loss,1685982187344,0.8935913443565369
6400,train_loss,1685982296032,1.27517569065094
6500,train_loss,1685982411365,0.9981228113174438
6600,train_loss,1685982525027,0.5599673986434937
6700,train_loss,1685982633829,0.9412102699279785
6800,train_loss,1685982741255,0.6256270408630371
6900,train_loss,1685982852623,0.882144033908844
7000,train_loss,1685982963520,0.8470165729522705
7100,train_loss,1685983075062,0.8433747887611389
7200,train_loss,1685983184811,0.9960477352142334
7300,train_loss,1685983296869,0.802740216255188
7400,train_loss,1685983407896,1.2579855918884277
7500,train_loss,1685983521705,0.6928410530090332
7600,train_loss,1685983633011,0.39192214608192444
7700,train_loss,1685983741561,0.9360111355781555
7800,train_loss,1685983850155,1.1114418506622314
7900,train_loss,1685983960726,0.9718639254570007
8000,train_loss,1685984073871,0.32853811979293823
8100,train_loss,1685984181933,0.7208308577537537
8200,train_loss,1685984292956,0.9306616187095642
8300,train_loss,1685984401752,0.490527868270874
8400,train_loss,1685984509185,0.9922206997871399
8500,train_loss,1685984622246,0.9413590431213379
8600,train_loss,1685984730542,0.43309858441352844
8700,train_loss,1685984841439,0.8523510694503784
8800,train_loss,1685984957209,1.2767722606658936
8900,train_loss,1685985073225,0.4279843866825104
9000,train_loss,1685985181524,0.8845173716545105
9100,train_loss,1685985294253,0.40944039821624756
9200,train_loss,1685985402971,0.8806202411651611
9300,train_loss,1685985513593,0.7948802709579468
9400,train_loss,1685985622812,0.5590261816978455
9500,train_loss,1685985732957,0.7870288491249084
9600,train_loss,1685985844133,0.6380887031555176
9700,train_loss,1685985958714,0.7063918113708496
9800,train_loss,1685986068506,1.0037992000579834
9900,train_loss,1685986175894,0.697299599647522
10000,train_loss,1685986288005,0.6031858325004578
10100,train_loss,1685986397834,0.6520678400993347
10200,train_loss,1685986508034,0.9548922181129456
10300,train_loss,1685986620953,0.9370434880256653
10400,train_loss,1685986731692,0.7052466869354248
10500,train_loss,1685986841636,0.9425957202911377
10600,train_loss,1685986954924,0.5543422102928162
10700,train_loss,1685987069992,1.1828595399856567
10800,train_loss,1685987176086,0.3860764503479004
10900,train_loss,1685987287316,0.9795728921890259
11000,train_loss,1685987395105,0.5138452053070068
11100,train_loss,1685987507403,0.5544226169586182
11200,train_loss,1685987619033,0.710987389087677
11300,train_loss,1685987729541,0.6766230463981628
11400,train_loss,1685987837565,0.664369523525238
11500,train_loss,1685987947718,0.7390173673629761
11600,train_loss,1685988056587,1.057621955871582
11700,train_loss,1685988165266,0.8612808585166931
11800,train_loss,1685988276163,0.8331239223480225
11900,train_loss,1685988389661,0.7627248764038086
12000,train_loss,1685988507720,0.7322807908058167
12100,train_loss,1685988616133,0.661476731300354
12200,train_loss,1685988729642,0.6741699576377869
12300,train_loss,1685988839022,0.8504046201705933
12400,train_loss,1685988950549,0.7388831377029419
12500,train_loss,1685989060421,0.7264863848686218
12600,train_loss,1685989168312,0.6383568048477173
12700,train_loss,1685989280154,0.3401333689689636
12800,train_loss,1685989395029,0.46987906098365784
12900,train_loss,1685989505953,0.48686134815216064
13000,train_loss,1685989612870,0.36264121532440186
13100,train_loss,1685989723909,0.5854758620262146
13200,train_loss,1685989834410,0.2805629372596741
13300,train_loss,1685989944139,0.9649826884269714
13400,train_loss,1685990056036,0.7115240693092346
13500,train_loss,1685990166761,0.4291573762893677
13600,train_loss,1685990277465,0.64213627576828
13700,train_loss,1685990391789,0.49322521686553955
13800,train_loss,1685990506231,0.6108949780464172
13900,train_loss,1685990613179,1.0624942779541016
14000,train_loss,1685990723131,0.4251005947589874
14100,train_loss,1685990830719,0.7967303991317749
14200,train_loss,1685990940184,0.47425171732902527
14300,train_loss,1685991054668,0.5998162031173706
14400,train_loss,1685991166823,0.5021519064903259
14500,train_loss,1685991274385,0.6113196015357971
14600,train_loss,1685991384514,0.7206960320472717
14700,train_loss,1685991491580,0.4775421917438507
14800,train_loss,1685991600516,0.7441370487213135
14900,train_loss,1685991711692,0.8362931609153748
15000,train_loss,1685991824467,0.7389976382255554
15100,train_loss,1685991940503,0.6210490465164185
15200,train_loss,1685992053485,0.6370832920074463
15300,train_loss,1685992163592,0.6093823909759521
15400,train_loss,1685992274964,0.7572112679481506
15500,train_loss,1685992386426,0.7769602537155151
15600,train_loss,1685992496011,0.8474453091621399
15700,train_loss,1685992604406,0.6591508388519287
15800,train_loss,1685992715580,0.5304427146911621
15900,train_loss,1685992828654,0.7762376666069031
16000,train_loss,1685992942435,0.5213780999183655
16100,train_loss,1685993051040,0.5090815424919128
16200,train_loss,1685993160058,0.8014289140701294
16300,train_loss,1685993268824,0.7031237483024597
16400,train_loss,1685993380234,0.49676576256752014
16500,train_loss,1685993493558,0.7962583303451538
16600,train_loss,1685993603174,0.5457802414894104
16700,train_loss,1685993712960,0.8126248121261597
16800,train_loss,1685993827343,0.41188323497772217
16900,train_loss,1685993940238,0.4504041373729706
17000,train_loss,1685994049811,0.3053784966468811
17100,train_loss,1685994158748,0.4338182806968689
17200,train_loss,1685994267992,0.5557604432106018
17300,train_loss,1685994377231,0.8257270455360413
17400,train_loss,1685994490330,0.4641658067703247
17500,train_loss,1685994599986,0.614997923374176
17600,train_loss,1685994711513,0.6439246535301208
17700,train_loss,1685994820613,0.5226479768753052
17800,train_loss,1685994927491,0.833960235118866
17900,train_loss,1685995039063,0.8107618689537048
18000,train_loss,1685995149641,0.5024297833442688
18100,train_loss,1685995260691,0.40674781799316406
18200,train_loss,1685995374144,0.6467925906181335
18300,train_loss,1685995491957,0.3624744117259979
18400,train_loss,1685995599271,0.4100431799888611
18500,train_loss,1685995711101,0.6338472366333008
18600,train_loss,1685995821827,0.4590284824371338
18700,train_loss,1685995932400,0.3726032078266144
18800,train_loss,1685996040564,0.4359421730041504
18900,train_loss,1685996150037,0.31337863206863403
19000,train_loss,1685996264965,0.5538643002510071
19100,train_loss,1685996379059,0.4648728370666504
19200,train_loss,1685996487044,0.37542420625686646
19300,train_loss,1685996595684,0.6427611112594604
19400,train_loss,1685996707219,0.6052343845367432
19500,train_loss,1685996817325,0.7031710147857666
19600,train_loss,1685996928592,0.49927881360054016
19700,train_loss,1685997039142,0.38240233063697815
19800,train_loss,1685997150396,0.6195501089096069
19900,train_loss,1685997261418,0.4490455389022827
20000,train_loss,1685997375946,0.46888279914855957
20100,train_loss,1685997498609,0.685623049736023
20200,train_loss,1685997606728,0.46479254961013794
20300,train_loss,1685997715525,0.5248832702636719
20400,train_loss,1685997826673,0.2860184907913208
20500,train_loss,1685997939054,0.697986900806427
20600,train_loss,1685998047556,0.21946193277835846
20700,train_loss,1685998158194,0.47773948311805725
20800,train_loss,1685998266546,0.4354326128959656
20900,train_loss,1685998375112,0.45419207215309143
21000,train_loss,1685998487753,0.6303688883781433
21100,train_loss,1685998595132,0.5713247060775757
21200,train_loss,1685998706475,0.32379040122032166
21300,train_loss,1685998822454,0.2142188549041748
21400,train_loss,1685998937995,0.4701552987098694
21500,train_loss,1685999046578,0.4465956389904022
21600,train_loss,1685999159267,0.4272717237472534
21700,train_loss,1685999268427,0.4117307960987091
21800,train_loss,1685999378553,0.5093755722045898
21900,train_loss,1685999488297,0.46282729506492615
22000,train_loss,1685999597694,0.3711985647678375
22100,train_loss,1685999709133,0.7445456981658936
22200,train_loss,1685999823479,0.29191917181015015
22300,train_loss,1685999932920,0.5253753662109375
22400,train_loss,1686000040497,0.5643883943557739
22500,train_loss,1686000152021,0.5173601508140564
22600,train_loss,1686000262299,0.39289820194244385
22700,train_loss,1686000373209,0.6549593806266785
22800,train_loss,1686000485667,0.364456444978714
22900,train_loss,1686000595786,0.545211136341095
23000,train_loss,1686000707047,0.6901296377182007
23100,train_loss,1686000819569,0.5402860641479492
23200,train_loss,1686000933994,0.37492671608924866
23300,train_loss,1686001039619,0.3349689245223999
23400,train_loss,1686001151675,0.4026010036468506
23500,train_loss,1686001258419,0.40303999185562134
23600,train_loss,1686001371522,0.49361732602119446
23700,train_loss,1686001482390,0.47096389532089233
23800,train_loss,1686001593777,0.4718223810195923
23900,train_loss,1686001700987,0.33351168036460876
24000,train_loss,1686001811458,0.34609586000442505
24100,train_loss,1686001919537,0.45114707946777344
24200,train_loss,1686002028821,0.4617885649204254
24300,train_loss,1686002139652,0.15234827995300293
24400,train_loss,1686002252502,0.28285712003707886
24500,train_loss,1686002369769,0.20687974989414215
24600,train_loss,1686002479508,0.16568036377429962
24700,train_loss,1686002592541,0.40304243564605713
24800,train_loss,1686002701897,0.6072731018066406
24900,train_loss,1686002813115,0.24955636262893677
25000,train_loss,1686002921569,0.2554323077201843
25100,train_loss,1686003031433,0.3991832435131073
25200,train_loss,1686003143116,0.2766689658164978
25300,train_loss,1686003257489,0.5116268396377563
25400,train_loss,1686003368348,0.24639147520065308
25500,train_loss,1686003475674,0.23646387457847595
25600,train_loss,1686003586285,0.4238065779209137
25700,train_loss,1686003696119,0.08066464960575104
25800,train_loss,1686003805560,0.27383536100387573
25900,train_loss,1686003918325,0.38029852509498596
26000,train_loss,1686004028603,0.41973403096199036
26100,train_loss,1686004139574,0.4458698034286499
26200,train_loss,1686004253083,0.31017935276031494
26300,train_loss,1686004366994,0.7057567834854126
26400,train_loss,1686004475444,0.40971052646636963
26500,train_loss,1686004584217,0.25562313199043274
26600,train_loss,1686004691800,0.33166730403900146
26700,train_loss,1686004801547,0.304540753364563
26800,train_loss,1686004916157,0.45981767773628235
26900,train_loss,1686005027701,0.3028201758861542
27000,train_loss,1686005135644,0.22579531371593475
27100,train_loss,1686005244618,0.16631050407886505
27200,train_loss,1686005352839,0.1048298180103302
27300,train_loss,1686005462869,0.3075827360153198
27400,train_loss,1686005573119,0.14368242025375366
27500,train_loss,1686005685255,0.1506088823080063
27600,train_loss,1686005801455,0.4073953330516815
27700,train_loss,1686005915149,0.15028680860996246
27800,train_loss,1686006025006,0.09780921787023544
27900,train_loss,1686006135913,0.3006414473056793
28000,train_loss,1686006247107,0.2911103367805481
28100,train_loss,1686006355879,0.31765908002853394
28200,train_loss,1686006464534,0.28530576825141907
28300,train_loss,1686006576935,0.22614875435829163
28400,train_loss,1686006689205,0.5542874932289124
28500,train_loss,1686006802839,0.32517343759536743
28600,train_loss,1686006912052,0.18805910646915436
28700,train_loss,1686007020439,0.381046861410141
28800,train_loss,1686007128414,0.1858559399843216
28900,train_loss,1686007240353,0.4063362181186676
29000,train_loss,1686007353083,0.2430519163608551
29100,train_loss,1686007462415,0.4039641320705414
29200,train_loss,1686007572946,0.24585874378681183
29300,train_loss,1686007686200,0.2811536192893982
29400,train_loss,1686007799536,0.32901883125305176
29500,train_loss,1686007909024,0.19558759033679962
29600,train_loss,1686008018711,0.2581157386302948
29700,train_loss,1686008127067,0.30663928389549255
29800,train_loss,1686008236709,0.12092765420675278
29900,train_loss,1686008349404,0.23567062616348267
30000,train_loss,1686008458782,0.4615289270877838
30100,train_loss,1686008569542,0.15790149569511414
30200,train_loss,1686008679090,0.183845654129982
30300,train_loss,1686008786050,0.18496696650981903
30400,train_loss,1686008896897,0.3203641176223755
30500,train_loss,1686009007377,0.2642552852630615
30600,train_loss,1686009118832,0.33175724744796753
30700,train_loss,1686009231834,0.1505158692598343
30800,train_loss,1686009350047,0.22964127361774445
30900,train_loss,1686009456874,0.1769440621137619
31000,train_loss,1686009568782,0.16593626141548157
31100,train_loss,1686009680287,0.114983469247818
31200,train_loss,1686009789283,0.385903537273407
31300,train_loss,1686009898631,0.23025836050510406
31400,train_loss,1686010007645,0.35569196939468384
31500,train_loss,1686010121864,0.19961205124855042
31600,train_loss,1686010235875,0.1697068065404892
31700,train_loss,1686010344118,0.19728662073612213
31800,train_loss,1686010452654,0.17960476875305176
31900,train_loss,1686010563342,0.18645237386226654
32000,train_loss,1686010674149,0.22620858252048492
32100,train_loss,1686010784578,0.546215832233429
32200,train_loss,1686010896295,0.23185020685195923
32300,train_loss,1686011006375,0.24861235916614532
32400,train_loss,1686011118108,0.32494452595710754
32500,train_loss,1686011231701,0.24056924879550934
32600,train_loss,1686011344431,0.23596306145191193
32700,train_loss,1686011451791,0.35563522577285767
32800,train_loss,1686011561270,0.1528177410364151
32900,train_loss,1686011672581,0.1868506520986557
33000,train_loss,1686011783242,0.14544616639614105
33100,train_loss,1686011892858,0.24293586611747742
33200,train_loss,1686012003477,0.19218595325946808
33300,train_loss,1686012111958,0.3342674672603607
33400,train_loss,1686012220433,0.0685432031750679
33500,train_loss,1686012331897,0.21141266822814941
33600,train_loss,1686012440175,0.20131832361221313
33700,train_loss,1686012549899,0.30600088834762573
33800,train_loss,1686012666630,0.1496007740497589
33900,train_loss,1686012782638,0.2227337509393692
34000,train_loss,1686012891274,0.21559816598892212
34100,train_loss,1686013003909,0.10973124206066132
34200,train_loss,1686013112749,0.22011420130729675
34300,train_loss,1686013222388,0.24287056922912598
34400,train_loss,1686013332729,0.33379480242729187
34500,train_loss,1686013441903,0.14999426901340485
34600,train_loss,1686013553477,0.12546101212501526
34700,train_loss,1686013668469,0.21329814195632935
34800,train_loss,1686013777689,0.20657658576965332
34900,train_loss,1686013885836,0.14117980003356934
35000,train_loss,1686013997149,0.2872805893421173
35100,train_loss,1686014106487,0.23408783972263336
35200,train_loss,1686014217482,0.20049960911273956
35300,train_loss,1686014329940,0.1233353465795517
35400,train_loss,1686014441071,0.08018036931753159
35500,train_loss,1686014551637,0.39894556999206543
35600,train_loss,1686014664622,0.20089152455329895
35700,train_loss,1686014778630,0.11153491586446762
35800,train_loss,1686014884851,0.2118152678012848
35900,train_loss,1686014995583,0.14539077877998352
36000,train_loss,1686015103117,0.33424967527389526
36100,train_loss,1686015216196,0.2013421356678009
36200,train_loss,1686015326326,0.24492593109607697
36300,train_loss,1686015438946,0.09857572615146637
36400,train_loss,1686015546187,0.15452511608600616
36500,train_loss,1686015655431,0.21966424584388733
36600,train_loss,1686015764292,0.07651513814926147
36700,train_loss,1686015872762,0.20938284695148468
36800,train_loss,1686015984146,0.201023131608963
36900,train_loss,1686016096953,0.15956293046474457
37000,train_loss,1686016214842,0.27623265981674194
37100,train_loss,1686016323610,0.14875268936157227
37200,train_loss,1686016436576,0.15170641243457794
37300,train_loss,1686016546125,0.18191872537136078
37400,train_loss,1686016658105,0.4075744152069092
37500,train_loss,1686016766068,0.0643523782491684
37600,train_loss,1686016876372,0.22475665807724
37700,train_loss,1686016987825,0.25322169065475464
37800,train_loss,1686017102149,0.05648711696267128
37900,train_loss,1686017213008,0.14361940324306488
38000,train_loss,1686017320674,0.05900416895747185
38100,train_loss,1686017431517,0.1513887494802475
38200,train_loss,1686017540293,0.3194555938243866
38300,train_loss,1686017650238,0.14763107895851135
38400,train_loss,1686017763221,0.23433242738246918
38500,train_loss,1686017872513,0.09344761073589325
38600,train_loss,1686017982841,0.10506536811590195
38700,train_loss,1686018096626,0.15389421582221985
38800,train_loss,1686018211324,0.13686423003673553
38900,train_loss,1686018319222,0.1053209900856018
39000,train_loss,1686018428314,0.12949426472187042
39100,train_loss,1686018536525,0.22531160712242126
39200,train_loss,1686018645627,0.08377187699079514
39300,train_loss,1686018759697,0.11054292321205139
39400,train_loss,1686018871087,0.07189730554819107
39500,train_loss,1686018980481,0.2818296253681183
39600,train_loss,1686019089473,0.18874771893024445
39700,train_loss,1686019197668,0.17421261966228485
39800,train_loss,1686019308159,0.12730689346790314
39900,train_loss,1686019417646,0.2082207202911377
40000,train_loss,1686019529061,0.15651628375053406
40100,train_loss,1686019654880,0.3205644190311432
40200,train_loss,1686019770337,0.05089212954044342
40300,train_loss,1686019879911,0.11808616667985916
40400,train_loss,1686019990052,0.15857411921024323
40500,train_loss,1686020100982,0.15699011087417603
40600,train_loss,1686020210430,0.15492282807826996
40700,train_loss,1686020318632,0.061445239931344986
40800,train_loss,1686020430197,0.10281549394130707
40900,train_loss,1686020542774,0.1391558200120926
41000,train_loss,1686020656394,0.17025431990623474
41100,train_loss,1686020766062,0.15959380567073822
41200,train_loss,1686020873303,0.15289407968521118
41300,train_loss,1686020982875,0.13437816500663757
41400,train_loss,1686021093614,0.15844562649726868
41500,train_loss,1686021206042,0.08547694981098175
41600,train_loss,1686021316600,0.08518718183040619
41700,train_loss,1686021427028,0.06989874690771103
41800,train_loss,1686021539550,0.22146469354629517
41900,train_loss,1686021652370,0.05827341973781586
42000,train_loss,1686021762838,0.142205148935318
42100,train_loss,1686021871082,0.19584491848945618
42200,train_loss,1686021979858,0.1244855523109436
42300,train_loss,1686022089631,0.10864542424678802
42400,train_loss,1686022202230,0.0696442499756813
42500,train_loss,1686022311831,0.09702786058187485
42600,train_loss,1686022423084,0.17450909316539764
42700,train_loss,1686022531644,0.0695813000202179
42800,train_loss,1686022639073,0.17876380681991577
42900,train_loss,1686022749829,0.10654699057340622
43000,train_loss,1686022860385,0.09217504411935806
43100,train_loss,1686022971911,0.05750221014022827
43200,train_loss,1686023085416,0.1950191706418991
43300,train_loss,1686023203231,0.15995991230010986
43400,train_loss,1686023310511,0.30669310688972473
43500,train_loss,1686023422152,0.10572973638772964
43600,train_loss,1686023533133,0.05888338014483452
43700,train_loss,1686023641039,0.10242072492837906
43800,train_loss,1686023751688,0.30659249424934387
43900,train_loss,1686023860298,0.20227527618408203
44000,train_loss,1686023973330,0.09280572831630707
44100,train_loss,1686024087897,0.10091317445039749
44200,train_loss,1686024196979,0.0809629037976265
44300,train_loss,1686024305490,0.07867874950170517
44400,train_loss,1686024416176,0.24367649853229523
44500,train_loss,1686024526990,0.195702463388443
44600,train_loss,1686024636996,0.15203282237052917
44700,train_loss,1686024749364,0.22093592584133148
44800,train_loss,1686024859453,0.12469891458749771
44900,train_loss,1686024970141,0.07955902814865112
45000,train_loss,1686025085244,0.11560001969337463
45100,train_loss,1686025197703,0.11326584964990616
45200,train_loss,1686025305135,0.05077623575925827
45300,train_loss,1686025415076,0.09214979410171509
45400,train_loss,1686025524922,0.1592222899198532
45500,train_loss,1686025636751,0.07096022367477417
45600,train_loss,1686025746492,0.06612871587276459
45700,train_loss,1686025857111,0.10678128153085709
45800,train_loss,1686025964925,0.05078689008951187
45900,train_loss,1686026074335,0.05431376025080681
46000,train_loss,1686026185268,0.12428590655326843
46100,train_loss,1686026293243,0.08973245322704315
46200,train_loss,1686026403702,0.11977984011173248
46300,train_loss,1686026520192,0.17268693447113037
46400,train_loss,1686026636449,0.15470021963119507
46500,train_loss,1686026744283,0.22036561369895935
46600,train_loss,1686026857782,0.08365007489919662
46700,train_loss,1686026966408,0.11521504819393158
46800,train_loss,1686027076728,0.1288944035768509
46900,train_loss,1686027186799,0.10806380212306976
47000,train_loss,1686027295867,0.09404457360506058
47100,train_loss,1686027407485,0.11756542325019836
47200,train_loss,1686027521674,0.07207497209310532
47300,train_loss,1686027632438,0.0357244499027729
47400,train_loss,1686027740236,0.07734289765357971
47500,train_loss,1686027850818,0.07460805028676987
47600,train_loss,1686027960735,0.06998176127672195
47700,train_loss,1686028070983,0.11717208474874496
47800,train_loss,1686028183599,0.11513713747262955
47900,train_loss,1686028294476,0.12794984877109528
48000,train_loss,1686028405475,0.16416442394256592
48100,train_loss,1686028518219,0.027735259383916855
48200,train_loss,1686028632449,0.10446757823228836
48300,train_loss,1686028738661,0.11871767044067383
48400,train_loss,1686028849656,0.07002247124910355
48500,train_loss,1686028957332,0.031253159046173096
48600,train_loss,1686029069334,0.07157158106565475
48700,train_loss,1686029180817,0.06664324551820755
48800,train_loss,1686029293447,0.06650375574827194
48900,train_loss,1686029399638,0.14130721986293793
49000,train_loss,1686029510042,0.035481151193380356
49100,train_loss,1686029618467,0.04782404750585556
49200,train_loss,1686029726794,0.0168769471347332
49300,train_loss,1686029837924,0.12221842259168625
49400,train_loss,1686029950532,0.0733465701341629
49500,train_loss,1686030068560,0.13246242702007294
49600,train_loss,1686030178211,0.040836118161678314
49700,train_loss,1686030289927,0.10066962242126465
49800,train_loss,1686030399952,0.05849726125597954
49900,train_loss,1686030512151,0.10876841098070145
50000,train_loss,1686030621016,0.12917447090148926
50100,train_loss,1686030731007,0.07193605601787567
50200,train_loss,1686030842354,0.07754132151603699
50300,train_loss,1686030956609,0.10060221701860428
50400,train_loss,1686031068610,0.08013621717691422
50500,train_loss,1686031175390,0.09070192277431488
50600,train_loss,1686031285750,0.11050751060247421
50700,train_loss,1686031395408,0.1272394359111786
50800,train_loss,1686031506105,0.1144045740365982
50900,train_loss,1686031618441,0.025199729949235916
51000,train_loss,1686031727534,0.08854925632476807
51100,train_loss,1686031838468,0.15760959684848785
51200,train_loss,1686031952488,0.0941779688000679
51300,train_loss,1686032066813,0.0782933309674263
51400,train_loss,1686032175028,0.13337372243404388
51500,train_loss,1686032285117,0.10061541199684143
51600,train_loss,1686032392889,0.05267474427819252
51700,train_loss,1686032502112,0.06353922933340073
51800,train_loss,1686032615663,0.06649091839790344
51900,train_loss,1686032726930,0.05770181864500046
52000,train_loss,1686032837368,0.05272364988923073
52100,train_loss,1686032946276,0.08288659900426865
52200,train_loss,1686033054297,0.1048450767993927
52300,train_loss,1686033164965,0.04539663344621658
52400,train_loss,1686033275207,0.048813410103321075
52500,train_loss,1686033385948,0.06532049924135208
52600,train_loss,1686033500957,0.034467317163944244
52700,train_loss,1686033616747,0.11955511569976807
52800,train_loss,1686033726405,0.09170982986688614
52900,train_loss,1686033836213,0.06978068500757217
53000,train_loss,1686033948230,0.07796817272901535
53100,train_loss,1686034058138,0.10919202864170074
53200,train_loss,1686034165934,0.07771500945091248
53300,train_loss,1686034276604,0.07341726124286652
53400,train_loss,1686034390298,0.04362178593873978
53500,train_loss,1686034504273,0.06534906476736069
53600,train_loss,1686034613757,0.11412934213876724
53700,train_loss,1686034721710,0.07844715565443039
53800,train_loss,1686034831333,0.06319400668144226
53900,train_loss,1686034942181,0.08113109320402145
54000,train_loss,1686035054324,0.07900088280439377
54100,train_loss,1686035165684,0.09077228605747223
54200,train_loss,1686035276846,0.04920538514852524
54300,train_loss,1686035388525,0.07515726238489151
54400,train_loss,1686035502181,0.05342545360326767
54500,train_loss,1686035612746,0.07976609468460083
54600,train_loss,1686035720618,0.062337763607501984
54700,train_loss,1686035829763,0.03782820701599121
54800,train_loss,1686035939971,0.05659529194235802
54900,train_loss,1686036052733,0.03961455449461937
55000,train_loss,1686036161867,0.056296397000551224
55100,train_loss,1686036273105,0.07590802758932114
55200,train_loss,1686036381555,0.04291646182537079
55300,train_loss,1686036489235,0.061539407819509506
55400,train_loss,1686036600542,0.050025925040245056
55500,train_loss,1686036710527,0.049927134066820145
55600,train_loss,1686036822365,0.05530998110771179
55700,train_loss,1686036936424,0.03428187966346741
55800,train_loss,1686037053884,0.08312205970287323
55900,train_loss,1686037160732,0.04522380977869034
56000,train_loss,1686037272737,0.05420489236712456
56100,train_loss,1686037383610,0.11094820499420166
56200,train_loss,1686037492376,0.04839750751852989
56300,train_loss,1686037602593,0.09012623876333237
56400,train_loss,1686037712144,0.022612661123275757
56500,train_loss,1686037824597,0.026541344821453094
56600,train_loss,1686037939133,0.02979392558336258
56700,train_loss,1686038048901,0.04761013761162758
56800,train_loss,1686038156938,0.11246966570615768
56900,train_loss,1686038266875,0.04963459447026253
57000,train_loss,1686038377459,0.040967363864183426
57100,train_loss,1686038487613,0.047747157514095306
57200,train_loss,1686038600774,0.08380430191755295
57300,train_loss,1686038710357,0.03515739366412163
57400,train_loss,1686038821295,0.11900006234645844
57500,train_loss,1686038935727,0.056178729981184006
57600,train_loss,1686039049374,0.07562201470136642
57700,train_loss,1686039156738,0.13324964046478271
57800,train_loss,1686039266730,0.07499273866415024
57900,train_loss,1686039375823,0.10160638391971588
58000,train_loss,1686039487611,0.04124391824007034
58100,train_loss,1686039598381,0.03286544233560562
58200,train_loss,1686039708161,0.04036455601453781
58300,train_loss,1686039817070,0.08486444503068924
58400,train_loss,1686039926261,0.09097596257925034
58500,train_loss,1686040036094,0.05666617304086685
58600,train_loss,1686040144965,0.07794341444969177
58700,train_loss,1686040255003,0.041807036846876144
58800,train_loss,1686040370672,0.04067201912403107
58900,train_loss,1686040487382,0.07962588220834732
59000,train_loss,1686040595452,0.0444796085357666
59100,train_loss,1686040708241,0.03666537627577782
59200,train_loss,1686040817282,0.03488083556294441
59300,train_loss,1686040928104,0.07060614228248596
59400,train_loss,1686041038480,0.05465098097920418
59500,train_loss,1686041146645,0.08470600843429565
59600,train_loss,1686041259711,0.018131600692868233
59700,train_loss,1686041373196,0.13735391199588776
59800,train_loss,1686041484335,0.04586492478847504
59900,train_loss,1686041591627,0.027617743238806725
60000,train_loss,1686041702423,0.046930041164159775
60100,train_loss,1686041822876,0.06793013960123062
60200,train_loss,1686041933723,0.06175475940108299
60300,train_loss,1686042045854,0.07547158747911453
60400,train_loss,1686042156729,0.0885239690542221
60500,train_loss,1686042268036,0.04050624743103981
60600,train_loss,1686042381701,0.03862003609538078
60700,train_loss,1686042495172,0.033245187252759933
60800,train_loss,1686042601813,0.033698659390211105
60900,train_loss,1686042712118,0.03521352261304855
61000,train_loss,1686042820495,0.04483219236135483
61100,train_loss,1686042931091,0.049928173422813416
61200,train_loss,1686043044419,0.03708793595433235
61300,train_loss,1686043156885,0.038764361292123795
61400,train_loss,1686043263343,0.0493786595761776
61500,train_loss,1686043373456,0.02297196537256241
61600,train_loss,1686043480888,0.05507472902536392
61700,train_loss,1686043589998,0.07725758850574493
61800,train_loss,1686043700894,0.037960030138492584
61900,train_loss,1686043813935,0.04123503714799881
62000,train_loss,1686043930533,0.031444206833839417
62100,train_loss,1686044041814,0.04349123314023018
62200,train_loss,1686044153193,0.07826271653175354
62300,train_loss,1686044264117,0.022560879588127136
62400,train_loss,1686044375087,0.054164618253707886
62500,train_loss,1686044483964,0.05398457497358322
62600,train_loss,1686044592841,0.03478987514972687
62700,train_loss,1686044704975,0.04433585703372955
62800,train_loss,1686044819135,0.06402488052845001
62900,train_loss,1686044931338,0.06888424605131149
63000,train_loss,1686045038953,0.035200320184230804
63100,train_loss,1686045148737,0.023210540413856506
63200,train_loss,1686045258010,0.041197676211595535
63300,train_loss,1686045369118,0.04476998746395111
63400,train_loss,1686045482072,0.06270094215869904
63500,train_loss,1686045590329,0.029052291065454483
63600,train_loss,1686045701223,0.04750291258096695
63700,train_loss,1686045814928,0.03916119411587715
63800,train_loss,1686045929237,0.04182653874158859
63900,train_loss,1686046036966,0.06284695863723755
64000,train_loss,1686046146780,0.06646901369094849
64100,train_loss,1686046255112,0.029218917712569237
64200,train_loss,1686046363999,0.03134487569332123
64300,train_loss,1686046477262,0.04353173449635506
64400,train_loss,1686046587602,0.05142662674188614
64500,train_loss,1686046698773,0.028072912245988846
64600,train_loss,1686046808144,0.02206009067595005
64700,train_loss,1686046915389,0.041034068912267685
64800,train_loss,1686047025758,0.03942153975367546
64900,train_loss,1686047136150,0.06034780293703079
65000,train_loss,1686047246829,0.032941367477178574
65100,train_loss,1686047361463,0.04011790454387665
65200,train_loss,1686047477882,0.03717835992574692
65300,train_loss,1686047586929,0.07176493108272552
65400,train_loss,1686047697504,0.077560193836689
65500,train_loss,1686047807984,0.03470190614461899
65600,train_loss,1686047918157,0.0614117756485939
65700,train_loss,1686048026616,0.039500705897808075
65800,train_loss,1686048136282,0.03193912282586098
65900,train_loss,1686048250469,0.045900244265794754
66000,train_loss,1686048364216,0.039937615394592285
66100,train_loss,1686048473548,0.03591981157660484
66200,train_loss,1686048581725,0.022542664781212807
66300,train_loss,1686048691824,0.03803382068872452
66400,train_loss,1686048802154,0.052428510040044785
66500,train_loss,1686048914392,0.03311020880937576
66600,train_loss,1686049024940,0.05500416085124016
66700,train_loss,1686049136682,0.050860170274972916
66800,train_loss,1686049247623,0.03871385380625725
66900,train_loss,1686049362138,0.06087068095803261
67000,train_loss,1686049471920,0.029106978327035904
67100,train_loss,1686049580054,0.03690727427601814
67200,train_loss,1686049689630,0.041453488171100616
67300,train_loss,1686049799540,0.05220722034573555
67400,train_loss,1686049912543,0.03758082911372185
67500,train_loss,1686050021914,0.02747696079313755
67600,train_loss,1686050132580,0.016138363629579544
67700,train_loss,1686050240677,0.0278532225638628
67800,train_loss,1686050348632,0.038077499717473984
67900,train_loss,1686050460194,0.059479180723428726
68000,train_loss,1686050569206,0.027403900399804115
68100,train_loss,1686050681116,0.027986794710159302
68200,train_loss,1686050796223,0.01897507905960083
68300,train_loss,1686050913090,0.062196437269449234
68400,train_loss,1686051019946,0.015344992280006409
68500,train_loss,1686051132539,0.038894858211278915
68600,train_loss,1686051242369,0.046174000948667526
68700,train_loss,1686051351563,0.03215113282203674
68800,train_loss,1686051461687,0.06444916129112244
68900,train_loss,1686051571291,0.023631976917386055
69000,train_loss,1686051683103,0.032605309039354324
69100,train_loss,1686051797915,0.034838736057281494
69200,train_loss,1686051907814,0.031070396304130554
69300,train_loss,1686052015199,0.07671280205249786
69400,train_loss,1686052126177,0.02902192249894142
69500,train_loss,1686052236186,0.01764923520386219
69600,train_loss,1686052346442,0.031544625759124756
69700,train_loss,1686052458672,0.02556721866130829
69800,train_loss,1686052569496,0.026103047654032707
69900,train_loss,1686052679787,0.04203850030899048
70000,train_loss,1686052794187,0.03371376544237137
70100,train_loss,1686052908003,0.04225422069430351
70200,train_loss,1686053014381,0.044103458523750305
70300,train_loss,1686053125227,0.026957403868436813
70400,train_loss,1686053233993,0.07844657450914383
70500,train_loss,1686053346388,0.02370266802608967
70600,train_loss,1686053456479,0.02539989911019802
70700,train_loss,1686053566564,0.04490542784333229
70800,train_loss,1686053675748,0.028664901852607727
70900,train_loss,1686053784681,0.032725390046834946
71000,train_loss,1686053893835,0.022458845749497414
71100,train_loss,1686054003154,0.036692649126052856
71200,train_loss,1686054113347,0.02728232927620411
71300,train_loss,1686054228549,0.03606804832816124
71400,train_loss,1686054345703,0.03319907933473587
71500,train_loss,1686054454251,0.045674409717321396
71600,train_loss,1686054567015,0.021372953429818153
71700,train_loss,1686054675099,0.05217820405960083
71800,train_loss,1686054786569,0.014867941848933697
71900,train_loss,1686054895800,0.03596078231930733
72000,train_loss,1686055003914,0.04125306010246277
72100,train_loss,1686055117392,0.013311682268977165
72200,train_loss,1686055230301,0.039498429745435715
72300,train_loss,1686055341861,0.030287183821201324
72400,train_loss,1686055448875,0.02166052535176277
72500,train_loss,1686055559931,0.06022806465625763
72600,train_loss,1686055669706,0.044482965022325516
72700,train_loss,1686055779767,0.01797405444085598
72800,train_loss,1686055891511,0.047044187784194946
72900,train_loss,1686056002773,0.040674444288015366
73000,train_loss,1686056113709,0.04724542796611786
73100,train_loss,1686056227452,0.009232836775481701
73200,train_loss,1686056341694,0.033607423305511475
73300,train_loss,1686056447537,0.023213684558868408
73400,train_loss,1686056557991,0.03814012184739113
73500,train_loss,1686056665767,0.012752271257340908
73600,train_loss,1686056775856,0.048165228217840195
73700,train_loss,1686056889940,0.024627048522233963
73800,train_loss,1686057002699,0.01860351487994194
73900,train_loss,1686057108528,0.03600841388106346
74000,train_loss,1686057219387,0.03701792657375336
74100,train_loss,1686057326348,0.03455942124128342
74200,train_loss,1686057435657,0.03700614720582962
74300,train_loss,1686057545534,0.04647188261151314
74400,train_loss,1686057659706,0.05046001076698303
74500,train_loss,1686057775542,0.03578722104430199
74600,train_loss,1686057886491,0.03492145985364914
74700,train_loss,1686057997880,0.0334143303334713
74800,train_loss,1686058109381,0.02775322087109089
74900,train_loss,1686058219907,0.023200297728180885
75000,train_loss,1686058329759,0.013720519840717316
75100,train_loss,1686058437830,0.022590165957808495
75200,train_loss,1686058548970,0.01933077536523342
75300,train_loss,1686058662648,0.021585946902632713
75400,train_loss,1686058775474,0.059274040162563324
75500,train_loss,1686058883623,0.017998158931732178
75600,train_loss,1686058992281,0.03337285667657852
75700,train_loss,1686059102269,0.016735242679715157
75800,train_loss,1686059213997,0.05130339786410332
75900,train_loss,1686059326875,0.03341974690556526
76000,train_loss,1686059435310,0.05480750650167465
76100,train_loss,1686059546065,0.021100696176290512
76200,train_loss,1686059659856,0.009180175140500069
76300,train_loss,1686059773108,0.018470916897058487
76400,train_loss,1686059881578,0.019472338259220123
76500,train_loss,1686059990624,0.03366868942975998
76600,train_loss,1686060100011,0.027721650898456573
76700,train_loss,1686060209034,0.02678721584379673
76800,train_loss,1686060321517,0.03503743186593056
76900,train_loss,1686060431498,0.04517918452620506
77000,train_loss,1686060543728,0.034253232181072235
77100,train_loss,1686060652556,0.018816770985722542
77200,train_loss,1686060759365,0.027229251340031624
77300,train_loss,1686060870143,0.02139674313366413
77400,train_loss,1686060981247,0.02426501363515854
77500,train_loss,1686061091472,0.018373560160398483
77600,train_loss,1686061205914,0.039784181863069534
77700,train_loss,1686061322339,0.018339240923523903
77800,train_loss,1686061431120,0.02227635309100151
77900,train_loss,1686061542229,0.01717529259622097
78000,train_loss,1686061652529,0.026973649859428406
78100,train_loss,1686061763356,0.046074461191892624
78200,train_loss,1686061872025,0.04532165452837944
78300,train_loss,1686061981415,0.03642928972840309
78400,train_loss,1686062095950,0.03855937346816063
78500,train_loss,1686062209590,0.03762468695640564
78600,train_loss,1686062318597,0.022630348801612854
78700,train_loss,1686062426543,0.04602108895778656
78800,train_loss,1686062536954,0.019011205062270164
78900,train_loss,1686062648454,0.03601794317364693
79000,train_loss,1686062760297,0.04197103902697563
79100,train_loss,1686062869786,0.01870676875114441
79200,train_loss,1686062982213,0.021036960184574127
79300,train_loss,1686063093437,0.02124948427081108
79400,train_loss,1686063207219,0.04297233745455742
79500,train_loss,1686063318335,0.03839145973324776
79600,train_loss,1686063426383,0.028774334117770195
79700,train_loss,1686063535307,0.02929655835032463
79800,train_loss,1686063645771,0.026117729023098946
79900,train_loss,1686063759033,0.022062618285417557
80000,train_loss,1686063866900,0.011243783868849277
80100,train_loss,1686063989651,0.011095915921032429
80200,train_loss,1686064097912,0.015557006001472473
80300,train_loss,1686064205421,0.01694321259856224
80400,train_loss,1686064317778,0.02856188267469406
80500,train_loss,1686064426613,0.05655251443386078
80600,train_loss,1686064537637,0.011550364084541798
80700,train_loss,1686064653197,0.01786261424422264
80800,train_loss,1686064769434,0.02803659997880459
80900,train_loss,1686064877318,0.028608329594135284
81000,train_loss,1686064990355,0.027168884873390198
81100,train_loss,1686065099476,0.039575956761837006
81200,train_loss,1686065209555,0.01593201979994774
81300,train_loss,1686065319037,0.025654416531324387
81400,train_loss,1686065428770,0.04547934979200363
81500,train_loss,1686065540687,0.04179704189300537
81600,train_loss,1686065654907,0.02730873040854931
81700,train_loss,1686065765060,0.013725556433200836
81800,train_loss,1686065872910,0.029603274539113045
81900,train_loss,1686065984308,0.00423649325966835
82000,train_loss,1686066094627,0.04829544574022293
82100,train_loss,1686066204902,0.020348764955997467
82200,train_loss,1686066317940,0.05479355901479721
82300,train_loss,1686066428208,0.033366166055202484
82400,train_loss,1686066538445,0.021232232451438904
82500,train_loss,1686066651330,0.017983056604862213
82600,train_loss,1686066766605,0.01617659442126751
82700,train_loss,1686066872765,0.009081822820007801
82800,train_loss,1686066983802,0.021385878324508667
82900,train_loss,1686067092732,0.03630474582314491
83000,train_loss,1686067205038,0.034305013716220856
83100,train_loss,1686067315532,0.029193969443440437
83200,train_loss,1686067426073,0.010506045073270798
83300,train_loss,1686067534393,0.012967472895979881
83400,train_loss,1686067644401,0.017138129100203514
83500,train_loss,1686067753581,0.016297461465001106
83600,train_loss,1686067861757,0.026232292875647545
83700,train_loss,1686067973266,0.040584854781627655
83800,train_loss,1686068086775,0.022732533514499664
83900,train_loss,1686068204808,0.02343389019370079
84000,train_loss,1686068313292,0.020829759538173676
84100,train_loss,1686068426834,0.014375897124409676
84200,train_loss,1686068535351,0.01982121728360653
84300,train_loss,1686068647154,0.028341170400381088
84400,train_loss,1686068756461,0.021570613607764244
84500,train_loss,1686068864188,0.013823381625115871
84600,train_loss,1686068976717,0.011191054247319698
84700,train_loss,1686069090780,0.03676505759358406
84800,train_loss,1686069202634,0.02165350690484047
84900,train_loss,1686069309109,0.014470918104052544
85000,train_loss,1686069419964,0.042484384030103683
85100,train_loss,1686069530596,0.022170985117554665
85200,train_loss,1686069640657,0.01581696793437004
85300,train_loss,1686069751806,0.01291236188262701
85400,train_loss,1686069863671,0.03489487245678902
85500,train_loss,1686069974431,0.01602732576429844
85600,train_loss,1686070088435,0.014363043941557407
85700,train_loss,1686070202556,0.015289300121366978
85800,train_loss,1686070309813,0.01759972795844078
85900,train_loss,1686070419517,0.01200855802744627
86000,train_loss,1686070527002,0.011715071275830269
86100,train_loss,1686070637009,0.01720648817718029
86200,train_loss,1686070750985,0.03072533570230007
86300,train_loss,1686070863494,0.04011131823062897
86400,train_loss,1686070970168,0.024762818589806557
86500,train_loss,1686071080256,0.03358028084039688
86600,train_loss,1686071187073,0.01808123290538788
86700,train_loss,1686071296477,0.02786105126142502
86800,train_loss,1686071407862,0.008589987643063068
86900,train_loss,1686071521132,0.030864562839269638
87000,train_loss,1686071636745,0.02366766519844532
87100,train_loss,1686071748976,0.012058353051543236
87200,train_loss,1686071859566,0.013268750160932541
87300,train_loss,1686071970990,0.01821150816977024
87400,train_loss,1686072082420,0.02607760950922966
87500,train_loss,1686072191983,0.014920427463948727
87600,train_loss,1686072299692,0.02271328493952751
87700,train_loss,1686072411639,0.00802871584892273
87800,train_loss,1686072524539,0.011671020649373531
87900,train_loss,1686072637830,0.027700893580913544
88000,train_loss,1686072746610,0.020203689113259315
88100,train_loss,1686072855421,0.010417568497359753
88200,train_loss,1686072964720,0.005345528945326805
88300,train_loss,1686073076787,0.03287135064601898
88400,train_loss,1686073188778,0.010984976775944233
88500,train_loss,1686073298538,0.01558844093233347
88600,train_loss,1686073408937,0.012989075854420662
88700,train_loss,1686073523095,0.018747325986623764
88800,train_loss,1686073635818,0.012960012070834637
88900,train_loss,1686073744780,0.03795512393116951
89000,train_loss,1686073854197,0.020398346707224846
89100,train_loss,1686073963727,0.0082326028496027
89200,train_loss,1686074072277,0.009911405853927135
89300,train_loss,1686074185566,0.018431290984153748
89400,train_loss,1686074294898,0.02960990183055401
89500,train_loss,1686074406969,0.02438843809068203
89600,train_loss,1686074515972,0.018589911982417107
89700,train_loss,1686074622267,0.014223817735910416
89800,train_loss,1686074733336,0.010776955634355545
89900,train_loss,1686074844604,0.03119426779448986
90000,train_loss,1686074955254,0.010579375550150871
90100,train_loss,1686075068483,0.012774033471941948
90200,train_loss,1686075186107,0.03511310741305351
90300,train_loss,1686075293651,0.02616729959845543
90400,train_loss,1686075405326,0.006542525719851255
90500,train_loss,1686075516174,0.014490129426121712
90600,train_loss,1686075626574,0.01164664700627327
90700,train_loss,1686075735366,0.017514636740088463
90800,train_loss,1686075844576,0.02134212665259838
90900,train_loss,1686075959621,0.01924094744026661
91000,train_loss,1686076073360,0.01625586301088333
91100,train_loss,1686076182080,0.032172977924346924
91200,train_loss,1686076289653,0.005593325477093458
91300,train_loss,1686076401603,0.02139257825911045
91400,train_loss,1686076512114,0.021661968901753426
91500,train_loss,1686076623743,0.027110017836093903
91600,train_loss,1686076733439,0.015013152733445168
91700,train_loss,1686076844841,0.004599533509463072
91800,train_loss,1686076956085,0.008443744853138924
91900,train_loss,1686077070247,0.006501174531877041
92000,train_loss,1686077181602,0.024759585037827492
92100,train_loss,1686077290775,0.0072868033312261105
92200,train_loss,1686077398890,0.011718240566551685
92300,train_loss,1686077510391,0.02617369033396244
92400,train_loss,1686077623058,0.022652633488178253
92500,train_loss,1686077731505,0.0080131646245718
92600,train_loss,1686077842153,0.023752115666866302
92700,train_loss,1686077950691,0.01596154272556305
92800,train_loss,1686078058730,0.01098158210515976
92900,train_loss,1686078171575,0.01677563600242138
93000,train_loss,1686078279603,0.0277849230915308
93100,train_loss,1686078390231,0.005213255528360605
93200,train_loss,1686078506448,0.006107928231358528
93300,train_loss,1686078622398,0.019216803833842278
93400,train_loss,1686078730685,0.02293757162988186
93500,train_loss,1686078843427,0.011651147156953812
93600,train_loss,1686078952648,0.011143540032207966
93700,train_loss,1686079062954,0.01169486902654171
93800,train_loss,1686079172204,0.006605471018701792
93900,train_loss,1686079282252,0.02111842669546604
94000,train_loss,1686079394162,0.02161177061498165
94100,train_loss,1686079507973,0.010871844366192818
94200,train_loss,1686079617779,0.012176782824099064
94300,train_loss,1686079725411,0.019130408763885498
94400,train_loss,1686079837168,0.015579705126583576
94500,train_loss,1686079947354,0.01969546265900135
94600,train_loss,1686080057911,0.011761179193854332
94700,train_loss,1686080170323,0.01452522724866867
94800,train_loss,1686080281139,0.02355058491230011
94900,train_loss,1686080391917,0.015090147964656353
95000,train_loss,1686080504776,0.012379273772239685
95100,train_loss,1686080619605,0.035257529467344284
95200,train_loss,1686080725266,0.016455117613077164
95300,train_loss,1686080837219,0.0036601563915610313
95400,train_loss,1686080944257,0.004094104282557964
95500,train_loss,1686081057610,0.005801784340292215
95600,train_loss,1686081168704,0.01774708926677704
95700,train_loss,1686081280039,0.025904381647706032
95800,train_loss,1686081386990,0.01635691151022911
95900,train_loss,1686081498163,0.011302376165986061
96000,train_loss,1686081606442,0.020294077694416046
96100,train_loss,1686081715509,0.03227687627077103
96200,train_loss,1686081826041,0.012328457087278366
96300,train_loss,1686081939390,0.022204246371984482
96400,train_loss,1686082057156,0.027671832591295242
96500,train_loss,1686082165777,0.005938326939940453
96600,train_loss,1686082279874,0.01959722302854061
96700,train_loss,1686082388866,0.020661475136876106
96800,train_loss,1686082500533,0.012499175034463406
96900,train_loss,1686082609273,0.015619728714227676
97000,train_loss,1686082718315,0.007429100107401609
97100,train_loss,1686082829526,0.006889843847602606
97200,train_loss,1686082944149,0.01274140179157257
97300,train_loss,1686083054734,0.017535725608468056
97400,train_loss,1686083162786,0.016286341473460197
97500,train_loss,1686083273400,0.015246395021677017
97600,train_loss,1686083383563,0.039329178631305695
97700,train_loss,1686083492993,0.01710784062743187
97800,train_loss,1686083604864,0.00838116928935051
97900,train_loss,1686083715122,0.022332828491926193
98000,train_loss,1686083826792,0.03362993896007538
98100,train_loss,1686083940332,0.026512011885643005
98200,train_loss,1686084054391,0.022910961881279945
98300,train_loss,1686084162345,0.016727449372410774
98400,train_loss,1686084271463,0.0036576122511178255
98500,train_loss,1686084379173,0.014210494235157967
98600,train_loss,1686084488182,0.009050806984305382
98700,train_loss,1686084603063,0.01101552415639162
98800,train_loss,1686084714716,0.011319669894874096
98900,train_loss,1686084822488,0.010395252145826817
99000,train_loss,1686084932184,0.006647834088653326
99100,train_loss,1686085040053,0.014991438947618008
99200,train_loss,1686085149369,0.045674558728933334
99300,train_loss,1686085260061,0.005478734150528908
99400,train_loss,1686085372489,0.014123398810625076
99500,train_loss,1686085488754,0.013666391372680664
99600,train_loss,1686085602299,0.008354764431715012
99700,train_loss,1686085711761,0.0181175135076046
99800,train_loss,1686085823696,0.025904234498739243
99900,train_loss,1686085934502,0.012217123061418533
100000,train_loss,1686086043851,0.02650659903883934
100100,train_loss,1686086163073,0.01595543511211872
100200,train_loss,1686086275052,0.023137696087360382
100300,train_loss,1686086387829,0.022717513144016266
100400,train_loss,1686086500828,0.012641720473766327
100500,train_loss,1686086610106,0.006771678104996681
100600,train_loss,1686086718895,0.012669786810874939
100700,train_loss,1686086826969,0.014013065956532955
100800,train_loss,1686086939175,0.016332054510712624
100900,train_loss,1686087052272,0.01287913043051958
101000,train_loss,1686087161687,0.009823084808886051
101100,train_loss,1686087271518,0.011014202609658241
101200,train_loss,1686087385648,0.0174704659730196
101300,train_loss,1686087498576,0.0219486765563488
101400,train_loss,1686087607972,0.029780862852931023
101500,train_loss,1686087717401,0.00601687328889966
101600,train_loss,1686087826309,0.005366836674511433
101700,train_loss,1686087935778,0.011572684161365032
101800,train_loss,1686088048781,0.004665800835937262
101900,train_loss,1686088158189,0.01554499939084053
102000,train_loss,1686088269745,0.021033000200986862
102100,train_loss,1686088378718,0.023500364273786545
102200,train_loss,1686088485350,0.004587400238960981
102300,train_loss,1686088597391,0.022420218214392662
102400,train_loss,1686088707902,0.02718629129230976
102500,train_loss,1686088818469,0.010818608105182648
102600,train_loss,1686088932113,0.005819409154355526
102700,train_loss,1686089050017,0.012176914140582085
102800,train_loss,1686089157303,0.0033423686400055885
102900,train_loss,1686089269230,0.03019208274781704
103000,train_loss,1686089379951,0.00739080598577857
103100,train_loss,1686089489914,0.007217136211693287
103200,train_loss,1686089598978,0.0057067666202783585
103300,train_loss,1686089707650,0.004402718041092157
103400,train_loss,1686089822656,0.008426874876022339
103500,train_loss,1686089936701,0.0124021852388978
103600,train_loss,1686090045466,0.0316707119345665
103700,train_loss,1686090153944,0.005338454619050026
103800,train_loss,1686090265226,0.021815534681081772
103900,train_loss,1686090375214,0.014926780015230179
104000,train_loss,1686090486613,0.018805988132953644
104100,train_loss,1686090597403,0.018760044127702713
104200,train_loss,1686090707807,0.007460425142198801
104300,train_loss,1686090819482,0.0070715295150876045
104400,train_loss,1686090933752,0.014437191188335419
104500,train_loss,1686091046383,0.007917176932096481
104600,train_loss,1686091154474,0.010796396061778069
104700,train_loss,1686091262893,0.01610310934484005
104800,train_loss,1686091374778,0.007203563582152128
104900,train_loss,1686091486383,0.009968281723558903
105000,train_loss,1686091595357,0.018545765429735184
105100,train_loss,1686091706400,0.010340243577957153
105200,train_loss,1686091814778,0.013925102539360523
105300,train_loss,1686091923659,0.006512957159429789
105400,train_loss,1686092036002,0.00955202430486679
105500,train_loss,1686092143390,0.011211870238184929
105600,train_loss,1686092254201,0.016301007941365242
105700,train_loss,1686092370032,0.019123774021863937
105800,train_loss,1686092486148,0.0250781811773777
105900,train_loss,1686092595060,0.013302336446940899
106000,train_loss,1686092707708,0.01559944823384285
106100,train_loss,1686092817413,0.011361148208379745
106200,train_loss,1686092927454,0.0048767882399261
106300,train_loss,1686093037328,0.012346473522484303
106400,train_loss,1686093146904,0.012145202606916428
106500,train_loss,1686093258105,0.021218489855527878
106600,train_loss,1686093372950,0.01808358170092106
106700,train_loss,1686093482659,0.010203617624938488
106800,train_loss,1686093590465,0.008829951286315918
106900,train_loss,1686093701738,0.008802244439721107
107000,train_loss,1686093812337,0.011759499087929726
107100,train_loss,1686093922823,0.021288877353072166
107200,train_loss,1686094036073,0.014763151295483112
107300,train_loss,1686094146471,0.0076061119325459
107400,train_loss,1686094257478,0.009495949372649193
107500,train_loss,1686094370123,0.012169421650469303
107600,train_loss,1686094484678,0.014613433741033077
107700,train_loss,1686094590835,0.012973465025424957
107800,train_loss,1686094702444,0.022736916318535805
107900,train_loss,1686094809435,0.006714727263897657
108000,train_loss,1686094922708,0.008247610181570053
108100,train_loss,1686095033387,0.005852906499058008
108200,train_loss,1686095145006,0.006601966451853514
108300,train_loss,1686095253034,0.023454157635569572
108400,train_loss,1686095362741,0.004307722672820091
108500,train_loss,1686095471206,0.007719529792666435
108600,train_loss,1686095580458,0.013814430683851242
108700,train_loss,1686095691914,0.021197713911533356
108800,train_loss,1686095804237,0.024012964218854904
108900,train_loss,1686095921973,0.004269752651453018
109000,train_loss,1686096030785,0.006709145847707987
109100,train_loss,1686096144012,0.003853488015010953
109200,train_loss,1686096253685,0.006642423570156097
109300,train_loss,1686096365280,0.010160237550735474
109400,train_loss,1686096473486,0.010605798102915287
109500,train_loss,1686096583505,0.008354824967682362
109600,train_loss,1686096694970,0.010433209128677845
109700,train_loss,1686096808993,0.009933318942785263
109800,train_loss,1686096920045,0.005792832933366299
109900,train_loss,1686097028112,0.009428568184375763
110000,train_loss,1686097138924,0.005258121527731419
110100,train_loss,1686097248410,0.016480661928653717
110200,train_loss,1686097358271,0.009471213445067406
110300,train_loss,1686097470872,0.009226283989846706
110400,train_loss,1686097580625,0.0075788418762385845
110500,train_loss,1686097691394,0.008789376355707645
110600,train_loss,1686097805072,0.01840386912226677
110700,train_loss,1686097919047,0.028299346566200256
110800,train_loss,1686098027787,0.02341998554766178
110900,train_loss,1686098136623,0.005351316183805466
111000,train_loss,1686098244100,0.007330095861107111
111100,train_loss,1686098353788,0.010909589938819408
111200,train_loss,1686098468287,0.0020344355143606663
111300,train_loss,1686098579867,0.007845621556043625
111400,train_loss,1686098688781,0.020850708708167076
111500,train_loss,1686098797852,0.00496941152960062
111600,train_loss,1686098905895,0.008465342223644257
111700,train_loss,1686099016329,0.00724802864715457
111800,train_loss,1686099126541,0.007135477848351002
111900,train_loss,1686099238288,0.005654254928231239
112000,train_loss,1686099353890,0.01258709654211998
112100,train_loss,1686099468862,0.013332170434296131
112200,train_loss,1686099578103,0.005094439722597599
112300,train_loss,1686099688756,0.007022452540695667
112400,train_loss,1686099800582,0.00855033379048109
112500,train_loss,1686099909357,0.003078190144151449
112600,train_loss,1686100018119,0.006590023171156645
112700,train_loss,1686100130319,0.007701558992266655
112800,train_loss,1686100242739,0.012747676111757755
112900,train_loss,1686100356526,0.016587363556027412
113000,train_loss,1686100465918,0.006717789452522993
113100,train_loss,1686100573739,0.010624570772051811
113200,train_loss,1686100682600,0.008365185931324959
113300,train_loss,1686100794287,0.004907096736133099
113400,train_loss,1686100906894,0.011845347471535206
113500,train_loss,1686101017073,0.008255232125520706
113600,train_loss,1686101127551,0.012712904252111912
113700,train_loss,1686101240917,0.014894101768732071
113800,train_loss,1686101354388,0.01223666686564684
113900,train_loss,1686101464426,0.008921843022108078
114000,train_loss,1686101573485,0.015085929073393345
114100,train_loss,1686101681872,0.00569884805008769
114200,train_loss,1686101792081,0.007850667461752892
114300,train_loss,1686101904638,0.014218583703041077
114400,train_loss,1686102014352,0.007926477119326591
114500,train_loss,1686102125291,0.009825382381677628
114600,train_loss,1686102234313,0.011477472260594368
114700,train_loss,1686102341803,0.004422860685735941
114800,train_loss,1686102452977,0.014815418049693108
114900,train_loss,1686102563273,0.012571041472256184
115000,train_loss,1686102675320,0.009637624956667423
115100,train_loss,1686102788352,0.005796724930405617
115200,train_loss,1686102906390,0.005350126419216394
115300,train_loss,1686103013343,0.009453517384827137
115400,train_loss,1686103125392,0.01202269084751606
115500,train_loss,1686103236892,0.0065833088010549545
115600,train_loss,1686103344769,0.008623545989394188
115700,train_loss,1686103454737,0.008838735520839691
115800,train_loss,1686103564104,0.007210675626993179
115900,train_loss,1686103677295,0.010827405378222466
116000,train_loss,1686103791972,0.01887262426316738
116100,train_loss,1686103900219,0.005467687733471394
116200,train_loss,1686104009005,0.004631197080016136
116300,train_loss,1686104119642,0.017786571756005287
116400,train_loss,1686104230743,0.00587246660143137
116500,train_loss,1686104340676,0.010957897640764713
116600,train_loss,1686104452813,0.002332562580704689
116700,train_loss,1686104562813,0.015308965928852558
116800,train_loss,1686104674299,0.017470018938183784
116900,train_loss,1686104788298,0.006219509057700634
117000,train_loss,1686104901259,0.006656877230852842
117100,train_loss,1686105008624,0.006661664694547653
117200,train_loss,1686105118826,0.0101512111723423
117300,train_loss,1686105229122,0.0039755417965352535
117400,train_loss,1686105340896,0.009079224430024624
117500,train_loss,1686105450456,0.007959241978824139
117600,train_loss,1686105561425,0.010683084838092327
117700,train_loss,1686105668851,0.004532861057668924
117800,train_loss,1686105778771,0.0060097407549619675
117900,train_loss,1686105889692,0.02445819415152073
118000,train_loss,1686105997763,0.004861387889832258
118100,train_loss,1686106107825,0.007085385732352734
118200,train_loss,1686106225499,0.0021485520992428064
118300,train_loss,1686106340639,0.012317638844251633
118400,train_loss,1686106449387,0.003671163460239768
118500,train_loss,1686106563059,0.01723937876522541
118600,train_loss,1686106671543,0.00793597660958767
118700,train_loss,1686106781497,0.005163044668734074
118800,train_loss,1686106891990,0.012716388329863548
118900,train_loss,1686107000807,0.005284251645207405
119000,train_loss,1686107113005,0.005195263773202896
119100,train_loss,1686107227434,0.007412681356072426
119200,train_loss,1686107337503,0.0022130513098090887
119300,train_loss,1686107445976,0.012797932140529156
119400,train_loss,1686107556268,0.013302960433065891
119500,train_loss,1686107666259,0.004068583250045776
119600,train_loss,1686107776951,0.011850697919726372
119700,train_loss,1686107890493,0.006090715993195772
119800,train_loss,1686108001118,0.005194538738578558
119900,train_loss,1686108111817,0.008250272832810879
120000,train_loss,1686108224676,0.0056886752136051655
120100,train_loss,1686108349580,0.00726355193182826
120200,train_loss,1686108455279,0.0025149239227175713
120300,train_loss,1686108566505,0.004793629981577396
120400,train_loss,1686108674226,0.006276308558881283
120500,train_loss,1686108787287,0.0030926011968404055
120600,train_loss,1686108897759,0.004262792412191629
120700,train_loss,1686109010643,0.005220840219408274
120800,train_loss,1686109117695,0.010196947492659092
120900,train_loss,1686109227443,0.004803948570042849
121000,train_loss,1686109336638,0.005079320166260004
121100,train_loss,1686109444211,0.006989947985857725
121200,train_loss,1686109555973,0.0026501722168177366
121300,train_loss,1686109669015,0.005896577145904303
121400,train_loss,1686109786530,0.0028391648083925247
121500,train_loss,1686109896092,0.008829137310385704
121600,train_loss,1686110008765,0.004952084273099899
121700,train_loss,1686110118177,0.01388492900878191
121800,train_loss,1686110230350,0.0037875729613006115
121900,train_loss,1686110338844,0.01468763966113329
122000,train_loss,1686110449185,0.0015393951907753944
122100,train_loss,1686110560099,0.007541205268353224
122200,train_loss,1686110674898,0.008713877759873867
122300,train_loss,1686110786223,0.004103535320609808
122400,train_loss,1686110893650,0.013214253820478916
122500,train_loss,1686111004331,0.01208440214395523
122600,train_loss,1686111113132,0.004971747752279043
122700,train_loss,1686111223764,0.005376920569688082
122800,train_loss,1686111336399,0.004573397804051638
122900,train_loss,1686111446080,0.005430565681308508
123000,train_loss,1686111555992,0.009410077705979347
123100,train_loss,1686111670320,0.015354891307651997
123200,train_loss,1686111784528,0.006942763924598694
123300,train_loss,1686111892783,0.002343899104744196
123400,train_loss,1686112002212,0.002553457161411643
123500,train_loss,1686112110395,0.00482471939176321
123600,train_loss,1686112219577,0.002727796323597431
123700,train_loss,1686112333604,0.005528343375772238
123800,train_loss,1686112444936,0.0034982566721737385
123900,train_loss,1686112554829,0.0038893960881978273
124000,train_loss,1686112664010,0.010129127651453018
124100,train_loss,1686112772364,0.002826290437951684
124200,train_loss,1686112882950,0.006716793868690729
124300,train_loss,1686112992587,0.009163357317447662
124400,train_loss,1686113103900,0.0024783622939139605
124500,train_loss,1686113219009,0.007823986932635307
124600,train_loss,1686113335035,0.006556450389325619
124700,train_loss,1686113444000,0.002293601166456938
124800,train_loss,1686113554246,0.008541424758732319
124900,train_loss,1686113665680,0.009668820537626743
125000,train_loss,1686113776079,0.0025337536353617907
125100,train_loss,1686113883275,0.004123392980545759
125200,train_loss,1686113994993,0.0074006845243275166
125300,train_loss,1686114107758,0.003634752007201314
125400,train_loss,1686114222302,0.0018914786633104086
125500,train_loss,1686114331614,0.007712516933679581
125600,train_loss,1686114439307,0.00968397781252861
125700,train_loss,1686114548992,0.004942441824823618
125800,train_loss,1686114659924,0.0009387870086356997
125900,train_loss,1686114772551,0.010399961844086647
126000,train_loss,1686114883821,0.007873044349253178
126100,train_loss,1686114994348,0.008245275355875492
126200,train_loss,1686115106240,0.008673558942973614
126300,train_loss,1686115219656,0.006055315490812063
126400,train_loss,1686115330040,0.0031290203332901
126500,train_loss,1686115438376,0.0034911572001874447
126600,train_loss,1686115547493,0.01613336242735386
126700,train_loss,1686115657604,0.005652714986354113
126800,train_loss,1686115770197,0.0063922218978405
126900,train_loss,1686115879285,0.003965459764003754
127000,train_loss,1686115991004,0.00873545091599226
127100,train_loss,1686116100020,0.004988797474652529
127200,train_loss,1686116207401,0.0067138378508389
127300,train_loss,1686116318200,0.0017949679167941213
127400,train_loss,1686116428859,0.0026900251396000385
127500,train_loss,1686116540721,0.002488624770194292
127600,train_loss,1686116654396,0.003636920126155019
127700,train_loss,1686116771998,0.013245278038084507
127800,train_loss,1686116879541,0.0036009226460009813
127900,train_loss,1686116991500,0.0019019367173314095
128000,train_loss,1686117102002,0.0031873953994363546
128100,train_loss,1686117210403,0.0019001285545527935
128200,train_loss,1686117320932,0.00643463060259819
128300,train_loss,1686117429862,0.0021910101640969515
128400,train_loss,1686117543246,0.0018416453385725617
128500,train_loss,1686117657134,0.0018967725336551666
128600,train_loss,1686117767338,0.00476033566519618
128700,train_loss,1686117875018,0.003833497641608119
128800,train_loss,1686117985506,0.004962230566889048
128900,train_loss,1686118096194,0.005912099499255419
129000,train_loss,1686118206300,0.008768795989453793
129100,train_loss,1686118319172,0.0026207626797258854
129200,train_loss,1686118428619,0.0084650544449687
129300,train_loss,1686118539852,0.003472657175734639
129400,train_loss,1686118654849,0.0025268010795116425
129500,train_loss,1686118767951,0.02403850667178631
129600,train_loss,1686118875019,0.008785099722445011
129700,train_loss,1686118985141,0.0012652631849050522
129800,train_loss,1686119094410,0.0012546427315101027
129900,train_loss,1686119206224,0.006104792468249798
130000,train_loss,1686119316986,0.004256919026374817
130100,train_loss,1686119427267,0.003568223910406232
130200,train_loss,1686119535226,0.003487731795758009
130300,train_loss,1686119644799,0.001767376670613885
130400,train_loss,1686119755201,0.00836989190429449
130500,train_loss,1686119863728,0.0068665468133986
130600,train_loss,1686119974143,0.003413722850382328
130700,train_loss,1686120090141,0.003970582038164139
130800,train_loss,1686120206724,0.006120842881500721
130900,train_loss,1686120314657,0.0029640032444149256
131000,train_loss,1686120428106,0.00715060718357563
131100,train_loss,1686120536913,0.005888267885893583
131200,train_loss,1686120647116,0.003097481094300747
131300,train_loss,1686120757541,0.0019229520112276077
131400,train_loss,1686120866656,0.0033265375532209873
131500,train_loss,1686120978605,0.002449534833431244
131600,train_loss,1686121092258,0.0010470648994669318
131700,train_loss,1686121203844,0.009012195281684399
131800,train_loss,1686121311291,0.0032827535178512335
131900,train_loss,1686121421820,0.0035543821286410093
132000,train_loss,1686121532646,0.006293254904448986
132100,train_loss,1686121642552,0.008420952595770359
132200,train_loss,1686121755205,0.005317773669958115
132300,train_loss,1686121866178,0.00497788842767477
132400,train_loss,1686121977267,0.0030307036358863115
132500,train_loss,1686122090782,0.015455267392098904
132600,train_loss,1686122204847,0.004051761236041784
132700,train_loss,1686122310779,0.000951750495005399
132800,train_loss,1686122421927,0.0053001148626208305
132900,train_loss,1686122529615,0.002621204126626253
133000,train_loss,1686122641332,0.005093045067042112
133100,train_loss,1686122753513,0.004880891181528568
133200,train_loss,1686122866398,0.003170648356899619
133300,train_loss,1686122972434,0.0027474721428006887
133400,train_loss,1686123082878,0.0032563440036028624
133500,train_loss,1686123191067,0.0028147671837359667
133600,train_loss,1686123299540,0.003709136974066496
133700,train_loss,1686123410285,0.004166597966104746
133800,train_loss,1686123523727,0.002194612054154277
133900,train_loss,1686123640885,0.0016420520842075348
134000,train_loss,1686123751480,0.002059411955997348
134100,train_loss,1686123862588,0.008893119171261787
134200,train_loss,1686123973290,0.0017147386679425836
134300,train_loss,1686124084903,0.005806776229292154
134400,train_loss,1686124193821,0.004384578205645084
134500,train_loss,1686124303245,0.011567700654268265
134600,train_loss,1686124415088,0.014235776849091053
134700,train_loss,1686124529027,0.011545812711119652
134800,train_loss,1686124641600,0.007956274785101414
134900,train_loss,1686124748154,0.001707360497675836
135000,train_loss,1686124858874,0.005357719492167234
135100,train_loss,1686124968127,0.0024157485458999872
135200,train_loss,1686125078502,0.0019250685581937432
135300,train_loss,1686125191292,0.0023142462596297264
135400,train_loss,1686125300046,0.01263803243637085
135500,train_loss,1686125410608,0.006831836421042681
135600,train_loss,1686125524444,0.0046176789328455925
135700,train_loss,1686125638702,0.011487052775919437
135800,train_loss,1686125746864,0.0027542493771761656
135900,train_loss,1686125857052,0.006765271537005901
136000,train_loss,1686125964655,0.002670035930350423
136100,train_loss,1686126074265,0.006937396712601185
136200,train_loss,1686126187329,0.005979886744171381
136300,train_loss,1686126297933,0.004584820009768009
136400,train_loss,1686126408637,0.002080799313262105
136500,train_loss,1686126517525,0.0009541445760987699
136600,train_loss,1686126625185,0.004327303264290094
136700,train_loss,1686126736150,0.005938482005149126
136800,train_loss,1686126845583,0.014331740327179432
136900,train_loss,1686126956244,0.0023551254998892546
137000,train_loss,1686127071842,0.0016380737069994211
137100,train_loss,1686127187853,0.005079853348433971
137200,train_loss,1686127296574,0.0021029633935540915
137300,train_loss,1686127407266,0.0021316392812877893
137400,train_loss,1686127518288,0.0044051604345440865
137500,train_loss,1686127628769,0.0026152022182941437
137600,train_loss,1686127736791,0.004603083245456219
137700,train_loss,1686127846638,0.0023692299146205187
137800,train_loss,1686127960608,0.00195527751930058
137900,train_loss,1686128074231,0.004311114549636841
138000,train_loss,1686128183848,0.005611063446849585
138100,train_loss,1686128291795,0.0023548102471977472
138200,train_loss,1686128401702,0.012265542522072792
138300,train_loss,1686128512170,0.0012958007864654064
138400,train_loss,1686128624229,0.002307318616658449
138500,train_loss,1686128735095,0.003113700309768319
138600,train_loss,1686128846364,0.0025763805024325848
138700,train_loss,1686128957555,0.011996089480817318
138800,train_loss,1686129072054,0.006752518005669117
138900,train_loss,1686129181724,0.004969126544892788
139000,train_loss,1686129289762,0.0033484571613371372
139100,train_loss,1686129398855,0.0022689278703182936
139200,train_loss,1686129509060,0.0020928564481437206
139300,train_loss,1686129622018,0.004653440788388252
139400,train_loss,1686129731359,0.005702846217900515
